{
  "contentTypes": [
    {
      "sys": {
        "space": {
          "sys": {
            "type": "Link",
            "linkType": "Space",
            "id": "9mwtim8ci3gy"
          }
        },
        "id": "category",
        "type": "ContentType",
        "createdAt": "2020-03-13T21:04:10.137Z",
        "updatedAt": "2020-03-14T20:48:03.724Z",
        "environment": {
          "sys": {
            "id": "master",
            "type": "Link",
            "linkType": "Environment"
          }
        },
        "publishedVersion": 7,
        "publishedAt": "2020-03-14T20:48:03.724Z",
        "firstPublishedAt": "2020-03-13T21:04:11.319Z",
        "createdBy": {
          "sys": {
            "type": "Link",
            "linkType": "User",
            "id": "0GRqIckbonrTjZbkk1tQ4A"
          }
        },
        "updatedBy": {
          "sys": {
            "type": "Link",
            "linkType": "User",
            "id": "0GRqIckbonrTjZbkk1tQ4A"
          }
        },
        "publishedCounter": 4,
        "version": 8,
        "publishedBy": {
          "sys": {
            "type": "Link",
            "linkType": "User",
            "id": "0GRqIckbonrTjZbkk1tQ4A"
          }
        }
      },
      "displayField": "name",
      "name": "Category",
      "description": "",
      "fields": [
        {
          "id": "name",
          "name": "name",
          "type": "Symbol",
          "localized": false,
          "required": true,
          "validations": [
            {
              "unique": true
            }
          ],
          "disabled": false,
          "omitted": false
        },
        {
          "id": "description",
          "name": "description",
          "type": "Symbol",
          "localized": false,
          "required": false,
          "validations": [
          ],
          "disabled": false,
          "omitted": false
        },
        {
          "id": "color",
          "name": "color",
          "type": "Symbol",
          "localized": false,
          "required": false,
          "validations": [
            {
              "regexp": {
                "pattern": "^#([A-Fa-f0-9]{6}|[A-Fa-f0-9]{3})$",
                "flags": null
              },
              "message": "Valid HEX color code is required"
            }
          ],
          "disabled": false,
          "omitted": false
        },
        {
          "id": "icon",
          "name": "SVG Icon",
          "type": "Link",
          "localized": false,
          "required": false,
          "validations": [
          ],
          "disabled": false,
          "omitted": false,
          "linkType": "Asset"
        }
      ]
    },
    {
      "sys": {
        "space": {
          "sys": {
            "type": "Link",
            "linkType": "Space",
            "id": "9mwtim8ci3gy"
          }
        },
        "id": "author",
        "type": "ContentType",
        "createdAt": "2020-03-13T21:20:02.820Z",
        "updatedAt": "2020-12-05T17:28:38.717Z",
        "environment": {
          "sys": {
            "id": "master",
            "type": "Link",
            "linkType": "Environment"
          }
        },
        "publishedVersion": 31,
        "publishedAt": "2020-12-05T17:28:38.717Z",
        "firstPublishedAt": "2020-03-13T21:20:04.291Z",
        "createdBy": {
          "sys": {
            "type": "Link",
            "linkType": "User",
            "id": "0GRqIckbonrTjZbkk1tQ4A"
          }
        },
        "updatedBy": {
          "sys": {
            "type": "Link",
            "linkType": "User",
            "id": "0GRqIckbonrTjZbkk1tQ4A"
          }
        },
        "publishedCounter": 16,
        "version": 32,
        "publishedBy": {
          "sys": {
            "type": "Link",
            "linkType": "User",
            "id": "0GRqIckbonrTjZbkk1tQ4A"
          }
        }
      },
      "displayField": "name",
      "name": "Author",
      "description": "",
      "fields": [
        {
          "id": "name",
          "name": "name",
          "type": "Symbol",
          "localized": false,
          "required": true,
          "validations": [
          ],
          "disabled": false,
          "omitted": false
        },
        {
          "id": "title",
          "name": "Title",
          "type": "Symbol",
          "localized": false,
          "required": false,
          "validations": [
          ],
          "disabled": false,
          "omitted": false
        },
        {
          "id": "description",
          "name": "description",
          "type": "Text",
          "localized": false,
          "required": true,
          "validations": [
          ],
          "disabled": false,
          "omitted": false
        },
        {
          "id": "thumbnail",
          "name": "Photo",
          "type": "Link",
          "localized": false,
          "required": false,
          "validations": [
            {
              "linkMimetypeGroup": [
                "image"
              ]
            }
          ],
          "disabled": false,
          "omitted": false,
          "linkType": "Asset"
        },
        {
          "id": "social",
          "name": "Social Media",
          "type": "Array",
          "localized": false,
          "required": false,
          "validations": [
          ],
          "disabled": false,
          "omitted": false,
          "items": {
            "type": "Symbol",
            "validations": [
            ]
          }
        },
        {
          "id": "skills",
          "name": "Skills",
          "type": "Array",
          "localized": false,
          "required": false,
          "validations": [
          ],
          "disabled": false,
          "omitted": false,
          "items": {
            "type": "Symbol",
            "validations": [
            ]
          }
        }
      ]
    },
    {
      "sys": {
        "space": {
          "sys": {
            "type": "Link",
            "linkType": "Space",
            "id": "9mwtim8ci3gy"
          }
        },
        "id": "article",
        "type": "ContentType",
        "createdAt": "2020-04-05T20:32:11.845Z",
        "updatedAt": "2020-07-11T22:08:46.779Z",
        "environment": {
          "sys": {
            "id": "master",
            "type": "Link",
            "linkType": "Environment"
          }
        },
        "publishedVersion": 21,
        "publishedAt": "2020-07-11T22:08:46.779Z",
        "firstPublishedAt": "2020-04-05T20:32:12.710Z",
        "createdBy": {
          "sys": {
            "type": "Link",
            "linkType": "User",
            "id": "0GRqIckbonrTjZbkk1tQ4A"
          }
        },
        "updatedBy": {
          "sys": {
            "type": "Link",
            "linkType": "User",
            "id": "0GRqIckbonrTjZbkk1tQ4A"
          }
        },
        "publishedCounter": 11,
        "version": 22,
        "publishedBy": {
          "sys": {
            "type": "Link",
            "linkType": "User",
            "id": "0GRqIckbonrTjZbkk1tQ4A"
          }
        }
      },
      "displayField": "title",
      "name": "Article",
      "description": "",
      "fields": [
        {
          "id": "title",
          "name": "Title",
          "type": "Symbol",
          "localized": false,
          "required": true,
          "validations": [
          ],
          "disabled": false,
          "omitted": false
        },
        {
          "id": "slug",
          "name": "Slug",
          "type": "Symbol",
          "localized": false,
          "required": true,
          "validations": [
            {
              "unique": true
            }
          ],
          "disabled": false,
          "omitted": false
        },
        {
          "id": "link",
          "name": "link",
          "type": "Symbol",
          "localized": false,
          "required": false,
          "validations": [
            {
              "regexp": {
                "pattern": "^(ftp|http|https):\\/\\/(\\w+:{0,1}\\w*@)?(\\S+)(:[0-9]+)?(\\/|\\/([\\w#!:.?+=&%@!\\-/]))?$"
              }
            }
          ],
          "disabled": false,
          "omitted": false
        },
        {
          "id": "date",
          "name": "Publish Date",
          "type": "Date",
          "localized": false,
          "required": true,
          "validations": [
          ],
          "disabled": false,
          "omitted": false
        },
        {
          "id": "author",
          "name": "Author",
          "type": "Link",
          "localized": false,
          "required": true,
          "validations": [
            {
              "linkContentType": [
                "author"
              ]
            }
          ],
          "disabled": false,
          "omitted": false,
          "linkType": "Entry"
        },
        {
          "id": "category",
          "name": "Category",
          "type": "Link",
          "localized": false,
          "required": false,
          "validations": [
            {
              "linkContentType": [
                "category"
              ]
            }
          ],
          "disabled": false,
          "omitted": false,
          "linkType": "Entry"
        },
        {
          "id": "featured",
          "name": "Featured",
          "type": "Boolean",
          "localized": false,
          "required": false,
          "validations": [
          ],
          "disabled": false,
          "omitted": false
        },
        {
          "id": "private",
          "name": "private",
          "type": "Boolean",
          "localized": false,
          "required": false,
          "validations": [
          ],
          "disabled": false,
          "omitted": false
        },
        {
          "id": "heroImage",
          "name": "Hero Image",
          "type": "Link",
          "localized": false,
          "validations": [
          ],
          "disabled": false,
          "omitted": false,
          "linkType": "Asset"
        },
        {
          "id": "thumbnailText",
          "name": "Thumbnail Text",
          "type": "Symbol",
          "localized": false,
          "required": false,
          "validations": [
            {
              "size": {
                "max": 25
              },
              "message": "In the absence of image, this text along with article's category will be used as article thumbnail."
            }
          ],
          "disabled": false,
          "omitted": false
        },
        {
          "id": "body",
          "name": "Body",
          "type": "Text",
          "localized": false,
          "required": true,
          "validations": [
          ],
          "disabled": false,
          "omitted": false
        },
        {
          "id": "keywords",
          "name": "Keywords",
          "type": "Array",
          "localized": false,
          "required": false,
          "validations": [
          ],
          "disabled": false,
          "omitted": false,
          "items": {
            "type": "Symbol",
            "validations": [
            ]
          }
        },
        {
          "id": "tags",
          "name": "Tags",
          "type": "Array",
          "localized": false,
          "required": false,
          "validations": [
          ],
          "disabled": false,
          "omitted": false,
          "items": {
            "type": "Symbol",
            "validations": [
            ]
          }
        }
      ]
    }
  ],
  "editorInterfaces": [
    {
      "sys": {
        "id": "default",
        "type": "EditorInterface",
        "space": {
          "sys": {
            "id": "9mwtim8ci3gy",
            "type": "Link",
            "linkType": "Space"
          }
        },
        "version": 8,
        "createdAt": "2020-03-13T21:04:11.393Z",
        "createdBy": {
          "sys": {
            "id": "0GRqIckbonrTjZbkk1tQ4A",
            "type": "Link",
            "linkType": "User"
          }
        },
        "updatedAt": "2020-03-14T20:48:11.704Z",
        "updatedBy": {
          "sys": {
            "id": "0GRqIckbonrTjZbkk1tQ4A",
            "type": "Link",
            "linkType": "User"
          }
        },
        "contentType": {
          "sys": {
            "id": "category",
            "type": "Link",
            "linkType": "ContentType"
          }
        },
        "environment": {
          "sys": {
            "id": "master",
            "type": "Link",
            "linkType": "Environment"
          }
        }
      },
      "controls": [
        {
          "fieldId": "name",
          "widgetId": "singleLine",
          "widgetNamespace": "builtin"
        },
        {
          "fieldId": "description",
          "widgetId": "singleLine",
          "widgetNamespace": "builtin"
        },
        {
          "fieldId": "color",
          "settings": {
            "helpText": "HEX Color Code"
          },
          "widgetId": "singleLine",
          "widgetNamespace": "builtin"
        },
        {
          "fieldId": "icon",
          "widgetId": "assetLinkEditor",
          "widgetNamespace": "builtin"
        }
      ]
    },
    {
      "sys": {
        "id": "default",
        "type": "EditorInterface",
        "space": {
          "sys": {
            "id": "9mwtim8ci3gy",
            "type": "Link",
            "linkType": "Space"
          }
        },
        "version": 32,
        "createdAt": "2020-03-13T21:20:04.363Z",
        "createdBy": {
          "sys": {
            "id": "0GRqIckbonrTjZbkk1tQ4A",
            "type": "Link",
            "linkType": "User"
          }
        },
        "updatedAt": "2020-12-05T17:28:40.121Z",
        "updatedBy": {
          "sys": {
            "id": "0GRqIckbonrTjZbkk1tQ4A",
            "type": "Link",
            "linkType": "User"
          }
        },
        "contentType": {
          "sys": {
            "id": "author",
            "type": "Link",
            "linkType": "ContentType"
          }
        },
        "environment": {
          "sys": {
            "id": "master",
            "type": "Link",
            "linkType": "Environment"
          }
        }
      },
      "controls": [
        {
          "fieldId": "name",
          "widgetId": "singleLine",
          "widgetNamespace": "builtin"
        },
        {
          "fieldId": "title",
          "settings": {
            "helpText": "Role/Occupation"
          },
          "widgetId": "singleLine",
          "widgetNamespace": "builtin"
        },
        {
          "fieldId": "description",
          "settings": {
            "helpText": "Bio"
          },
          "widgetId": "multipleLine",
          "widgetNamespace": "builtin"
        },
        {
          "fieldId": "thumbnail",
          "settings": {
            "showLinkEntityAction": true,
            "showCreateEntityAction": true
          },
          "widgetId": "assetLinkEditor",
          "widgetNamespace": "builtin"
        },
        {
          "fieldId": "social",
          "settings": {
            "helpText": "Social Media Links, Email, Website Address, etc."
          },
          "widgetId": "tagEditor",
          "widgetNamespace": "builtin"
        },
        {
          "fieldId": "skills",
          "widgetId": "tagEditor",
          "widgetNamespace": "builtin"
        }
      ]
    },
    {
      "sys": {
        "id": "default",
        "type": "EditorInterface",
        "space": {
          "sys": {
            "id": "9mwtim8ci3gy",
            "type": "Link",
            "linkType": "Space"
          }
        },
        "version": 22,
        "createdAt": "2020-04-05T20:32:12.791Z",
        "createdBy": {
          "sys": {
            "id": "0GRqIckbonrTjZbkk1tQ4A",
            "type": "Link",
            "linkType": "User"
          }
        },
        "updatedAt": "2020-07-11T22:08:48.282Z",
        "updatedBy": {
          "sys": {
            "id": "0GRqIckbonrTjZbkk1tQ4A",
            "type": "Link",
            "linkType": "User"
          }
        },
        "contentType": {
          "sys": {
            "id": "article",
            "type": "Link",
            "linkType": "ContentType"
          }
        },
        "environment": {
          "sys": {
            "id": "master",
            "type": "Link",
            "linkType": "Environment"
          }
        }
      },
      "controls": [
        {
          "fieldId": "title",
          "widgetId": "singleLine",
          "widgetNamespace": "builtin"
        },
        {
          "fieldId": "slug",
          "widgetId": "slugEditor",
          "widgetNamespace": "builtin"
        },
        {
          "fieldId": "link",
          "settings": {
            "helpText": "Disable page creation and link the post card to an external Web page."
          },
          "widgetId": "singleLine",
          "widgetNamespace": "builtin"
        },
        {
          "fieldId": "date",
          "settings": {
            "ampm": "24",
            "format": "timeZ"
          },
          "widgetId": "datePicker",
          "widgetNamespace": "builtin"
        },
        {
          "fieldId": "author",
          "widgetId": "entryLinkEditor",
          "widgetNamespace": "builtin"
        },
        {
          "fieldId": "category",
          "widgetId": "entryLinkEditor",
          "widgetNamespace": "builtin"
        },
        {
          "fieldId": "featured",
          "settings": {
            "helpText": "Place the post in featured spots of homepage.",
            "trueLabel": "Yes",
            "falseLabel": "No"
          },
          "widgetId": "boolean",
          "widgetNamespace": "builtin"
        },
        {
          "fieldId": "private",
          "settings": {
            "helpText": "Private post will not appear in paginated lists but can be accessed via it's URL.",
            "trueLabel": "Yes",
            "falseLabel": "No"
          },
          "widgetId": "boolean",
          "widgetNamespace": "builtin"
        },
        {
          "fieldId": "heroImage",
          "widgetId": "assetLinkEditor",
          "widgetNamespace": "builtin"
        },
        {
          "fieldId": "thumbnailText",
          "widgetId": "singleLine",
          "widgetNamespace": "builtin"
        },
        {
          "fieldId": "body",
          "widgetId": "markdown",
          "widgetNamespace": "builtin"
        },
        {
          "fieldId": "keywords",
          "settings": {
            "helpText": "SEO Keyword Meta"
          },
          "widgetId": "tagEditor",
          "widgetNamespace": "builtin"
        },
        {
          "fieldId": "tags",
          "widgetId": "tagEditor",
          "widgetNamespace": "builtin"
        }
      ]
    }
  ],
  "entries": [
    {
      "sys": {
        "space": {
          "sys": {
            "type": "Link",
            "linkType": "Space",
            "id": "9mwtim8ci3gy"
          }
        },
        "id": "61W992c6tvaqZBkYt5nbAU",
        "type": "Entry",
        "createdAt": "2020-03-13T21:35:15.740Z",
        "updatedAt": "2020-12-12T22:41:06.138Z",
        "environment": {
          "sys": {
            "id": "master",
            "type": "Link",
            "linkType": "Environment"
          }
        },
        "publishedVersion": 31,
        "publishedAt": "2020-12-12T22:41:06.138Z",
        "firstPublishedAt": "2020-03-13T21:40:46.172Z",
        "createdBy": {
          "sys": {
            "type": "Link",
            "linkType": "User",
            "id": "0GRqIckbonrTjZbkk1tQ4A"
          }
        },
        "updatedBy": {
          "sys": {
            "type": "Link",
            "linkType": "User",
            "id": "0GRqIckbonrTjZbkk1tQ4A"
          }
        },
        "publishedCounter": 4,
        "version": 32,
        "publishedBy": {
          "sys": {
            "type": "Link",
            "linkType": "User",
            "id": "0GRqIckbonrTjZbkk1tQ4A"
          }
        },
        "contentType": {
          "sys": {
            "type": "Link",
            "linkType": "ContentType",
            "id": "author"
          }
        }
      },
      "fields": {
        "name": {
          "en-US": "Jane Smith"
        },
        "title": {
          "en-US": "Graphic Designer"
        },
        "description": {
          "en-US": "Sed commodo, est quis maximus fermentum, massa ipsum euismod neque, in varius risus tellus quis lacus. Sed ac bibendum odio."
        },
        "thumbnail": {
          "en-US": {
            "sys": {
              "type": "Link",
              "linkType": "Asset",
              "id": "54XsJEAFRAKKHg2Q8bsqL4"
            }
          }
        },
        "social": {
          "en-US": [
            "http://instagram.com/jane-smith",
            "jane-smith@example.com",
            "https://github.com/user/jane-smith"
          ]
        },
        "skills": {
          "en-US": [
            "Figma",
            "UI/UX",
            "Photoshop"
          ]
        }
      }
    },
    {
      "sys": {
        "space": {
          "sys": {
            "type": "Link",
            "linkType": "Space",
            "id": "9mwtim8ci3gy"
          }
        },
        "id": "4oqcIdrQquu1C6LPNVOtSo",
        "type": "Entry",
        "createdAt": "2020-03-14T17:20:20.891Z",
        "updatedAt": "2020-12-12T22:49:38.313Z",
        "environment": {
          "sys": {
            "id": "master",
            "type": "Link",
            "linkType": "Environment"
          }
        },
        "publishedVersion": 31,
        "publishedAt": "2020-12-12T22:49:38.313Z",
        "firstPublishedAt": "2020-03-14T17:20:31.628Z",
        "createdBy": {
          "sys": {
            "type": "Link",
            "linkType": "User",
            "id": "0GRqIckbonrTjZbkk1tQ4A"
          }
        },
        "updatedBy": {
          "sys": {
            "type": "Link",
            "linkType": "User",
            "id": "0GRqIckbonrTjZbkk1tQ4A"
          }
        },
        "publishedCounter": 5,
        "version": 32,
        "publishedBy": {
          "sys": {
            "type": "Link",
            "linkType": "User",
            "id": "0GRqIckbonrTjZbkk1tQ4A"
          }
        },
        "contentType": {
          "sys": {
            "type": "Link",
            "linkType": "ContentType",
            "id": "category"
          }
        }
      },
      "fields": {
        "name": {
          "en-US": "Pets"
        },
        "description": {
          "en-US": "Nam libero tempore, cum soluta nobis est eligendi option"
        },
        "color": {
          "en-US": "#bee3f8"
        },
        "icon": {
          "en-US": {
            "sys": {
              "type": "Link",
              "linkType": "Asset",
              "id": "1kh1kFZRYWQB1hj6ki5O3W"
            }
          }
        }
      }
    },
    {
      "sys": {
        "space": {
          "sys": {
            "type": "Link",
            "linkType": "Space",
            "id": "9mwtim8ci3gy"
          }
        },
        "id": "6xfcZwoP5xpGVTAFhJb76r",
        "type": "Entry",
        "createdAt": "2020-03-14T17:31:22.036Z",
        "updatedAt": "2020-12-12T22:32:51.189Z",
        "environment": {
          "sys": {
            "id": "master",
            "type": "Link",
            "linkType": "Environment"
          }
        },
        "publishedVersion": 52,
        "publishedAt": "2020-12-12T22:32:51.189Z",
        "firstPublishedAt": "2020-03-14T17:32:23.713Z",
        "createdBy": {
          "sys": {
            "type": "Link",
            "linkType": "User",
            "id": "0GRqIckbonrTjZbkk1tQ4A"
          }
        },
        "updatedBy": {
          "sys": {
            "type": "Link",
            "linkType": "User",
            "id": "0GRqIckbonrTjZbkk1tQ4A"
          }
        },
        "publishedCounter": 5,
        "version": 53,
        "publishedBy": {
          "sys": {
            "type": "Link",
            "linkType": "User",
            "id": "0GRqIckbonrTjZbkk1tQ4A"
          }
        },
        "contentType": {
          "sys": {
            "type": "Link",
            "linkType": "ContentType",
            "id": "author"
          }
        }
      },
      "fields": {
        "name": {
          "en-US": "John Doe"
        },
        "title": {
          "en-US": "Web Developer"
        },
        "description": {
          "en-US": "At vero eos et accusamus et iusto odio dignissimos ducimus."
        },
        "thumbnail": {
          "en-US": {
            "sys": {
              "type": "Link",
              "linkType": "Asset",
              "id": "1EZrb1qcvw8KXjl1NrynLV"
            }
          }
        },
        "social": {
          "en-US": [
            "https://twitter.com/johndoe",
            "https://instagram.com/johndoe",
            "http://example.com"
          ]
        },
        "skills": {
          "en-US": [
            "JavaScript",
            "GatsbyJS",
            "HTML/CSS"
          ]
        }
      }
    },
    {
      "sys": {
        "space": {
          "sys": {
            "type": "Link",
            "linkType": "Space",
            "id": "9mwtim8ci3gy"
          }
        },
        "id": "7nPrVDH5ikCcu5uAgjWGMm",
        "type": "Entry",
        "createdAt": "2020-04-05T20:33:12.996Z",
        "updatedAt": "2020-12-12T22:47:14.798Z",
        "environment": {
          "sys": {
            "id": "master",
            "type": "Link",
            "linkType": "Environment"
          }
        },
        "publishedVersion": 106,
        "publishedAt": "2020-12-12T22:47:14.798Z",
        "firstPublishedAt": "2020-04-05T20:34:58.306Z",
        "createdBy": {
          "sys": {
            "type": "Link",
            "linkType": "User",
            "id": "0GRqIckbonrTjZbkk1tQ4A"
          }
        },
        "updatedBy": {
          "sys": {
            "type": "Link",
            "linkType": "User",
            "id": "0GRqIckbonrTjZbkk1tQ4A"
          }
        },
        "publishedCounter": 8,
        "version": 107,
        "publishedBy": {
          "sys": {
            "type": "Link",
            "linkType": "User",
            "id": "0GRqIckbonrTjZbkk1tQ4A"
          }
        },
        "contentType": {
          "sys": {
            "type": "Link",
            "linkType": "ContentType",
            "id": "article"
          }
        }
      },
      "fields": {
        "title": {
          "en-US": "Another Cool Sample Article for Contentful"
        },
        "slug": {
          "en-US": "another-cool-sample-article-for-contentful"
        },
        "date": {
          "en-US": "2020-04-06T16:00+04:30"
        },
        "author": {
          "en-US": {
            "sys": {
              "type": "Link",
              "linkType": "Entry",
              "id": "61W992c6tvaqZBkYt5nbAU"
            }
          }
        },
        "category": {
          "en-US": {
            "sys": {
              "type": "Link",
              "linkType": "Entry",
              "id": "4oqcIdrQquu1C6LPNVOtSo"
            }
          }
        },
        "heroImage": {
          "en-US": {
            "sys": {
              "type": "Link",
              "linkType": "Asset",
              "id": "69cygFP4yHe5MF5Bkz1eXW"
            }
          }
        },
        "body": {
          "en-US": "## Me clausere Erigonen ego\n\nLorem markdownum sustineant oscula caespite ad gratia motus silvis Philomela.\nTremescere proles Nessus. Terga an saevis ductor mortua et Tyrrhena et verba\ngloria aequor. *Hoc* refert nunc ruit ictus adnuit nihil avidisque; tinnulaque\n[iamque](http://manu.net/muro-lesbon). Illi vana: abdidit praecipitatur\ninvenerit congrediturque exstanti, *ubi* rimas.\n\n> Pennatis tu fremebundus trahat adspicias terrae. Naribus his, crura\n> contribuere quam quam Sparten et **media succedere velamina** facio voces.\n\n## Solio quo ambitione moriens faterer nec altus\n\nManu [gemitumque](http://post-materno.org/) pictis, ubi mandat, vitium haec\ndextra late, est circumvolat, dant ius sub Phantasos. *Ortas non* ferunt dies\nsed [fugaeque nondum](http://haecphocaico.org/fulsit), pro umida, iaculantem\nnumen semel vertice, et.\n\n1. Parentem cum\n2. Cruciataque est signisque fastus esse enim tetigere\n3. Alvo pressa coniciunt Virbius destruitis clamore\n4. Rear cuncti votisque metusque\n5. Mihi atque ab tempore Ulixem Hyperborea habebant\n6. Est nam quisque Solis attulerat\n\n## Quaerit Oebalide quodcunque et odium aut vincere\n\nMea damnans metu in conveniens nullamque quam extentum. Nymphae imis. Ab huc\ndocto? Sua si aegra credi *fuerant*, quoque *Iovi apertas inane* iaculi, putet\nin procedit ipse Cytherea et.\n\nFissus ad facerem nivea; est **natamque** pius, taurum populorum membris,\nqualia. Sunt amore dare, duruerant miserere haesisse, teneat prope sentit in\nbella locuturum variarum haeret advena atque. Vivere pro vitium, nos adest Lami\naequore ruris.\n\n## Cognovi concita circumspicit\n\nAuctor similis et ab asello at animis neglectos auras vulnus illo timori. Per\nsenior in sucos liberat **conveniunt retentos uteri**, trahi requiescere! An\nEurus abiere, ego et potita hoc, citharam frondes habuisse.\n\n> Sic quoque iussit sed fecerat defuit novae de armata pariter male Lycormas\n> nurusque feroci versus opemque maiora ad cornua! Esses aequoris, terras esse,\n> ante sinus, in longi.\n\nPrece trepidantibus totos Claninque sis, gutture sub labor de adiuvet genetrix?\nSua ferunt pudore si nympharum, et famuli nervi; genitor et murmura incessit\npennisque rex!"
        },
        "keywords": {
          "en-US": [
            "sample article"
          ]
        },
        "tags": {
          "en-US": [
            "tutorial",
            "article"
          ]
        }
      }
    },
    {
      "sys": {
        "space": {
          "sys": {
            "type": "Link",
            "linkType": "Space",
            "id": "9mwtim8ci3gy"
          }
        },
        "id": "KBnbHfvEaxdKBxMoypBbY",
        "type": "Entry",
        "createdAt": "2020-11-12T11:21:29.229Z",
        "updatedAt": "2020-12-12T22:51:45.320Z",
        "environment": {
          "sys": {
            "id": "master",
            "type": "Link",
            "linkType": "Environment"
          }
        },
        "publishedVersion": 31,
        "publishedAt": "2020-12-12T22:51:45.320Z",
        "firstPublishedAt": "2020-12-12T22:17:33.321Z",
        "createdBy": {
          "sys": {
            "type": "Link",
            "linkType": "User",
            "id": "0GRqIckbonrTjZbkk1tQ4A"
          }
        },
        "updatedBy": {
          "sys": {
            "type": "Link",
            "linkType": "User",
            "id": "0GRqIckbonrTjZbkk1tQ4A"
          }
        },
        "publishedCounter": 6,
        "version": 32,
        "publishedBy": {
          "sys": {
            "type": "Link",
            "linkType": "User",
            "id": "0GRqIckbonrTjZbkk1tQ4A"
          }
        },
        "contentType": {
          "sys": {
            "type": "Link",
            "linkType": "ContentType",
            "id": "article"
          }
        }
      },
      "fields": {
        "title": {
          "en-US": "Sample Article Integration of FlexiBlog and Contentful"
        },
        "slug": {
          "en-US": "a-marketers-guide-to-price-comparison-websites"
        },
        "date": {
          "en-US": "2020-11-12T00:00-08:00"
        },
        "author": {
          "en-US": {
            "sys": {
              "type": "Link",
              "linkType": "Entry",
              "id": "6xfcZwoP5xpGVTAFhJb76r"
            }
          }
        },
        "category": {
          "en-US": {
            "sys": {
              "type": "Link",
              "linkType": "Entry",
              "id": "4oqcIdrQquu1C6LPNVOtSo"
            }
          }
        },
        "heroImage": {
          "en-US": {
            "sys": {
              "type": "Link",
              "linkType": "Asset",
              "id": "1re8cINKXhi5pdJPfD72M9"
            }
          }
        },
        "body": {
          "en-US": "Lorem markdownum suarum successibus Auram illud. Aqua exegit silvae exiguam templi, cui linquit, solitum, crimine.\n\n- Habitusque solent ramos missus fama labori hastam\n- Patientia [verba paterque](http://google.com) Canentem ad oras laeso\n- Cum in femina Alcyone liquidis ictu muneris\n\n## Tuta crescere\n\nCirces manibus captatur felicissima cernunt similisque truncum, sed  et? Limite mater tempora gelidis [mihi haec umbram](http://google.com) iacent ferunt, mei rex et gemuit?\n\nMihi teli ut si quae eripuit turris naturaque exemplis mediis mendosa sit me usum casus et crudele citis. Equinis curvata tamen relinquant proferre mora concentu possis septemque sorte, anno telo. Adfatur mente est pariter electus aestuque imago despectabat dirae expers, est et et fila honorque. Locum iuvenes, siste fratres aurumque iussi muneris aret audaci, saepe? Exstat discusso fata specus est tamen ad hasta nulli coniungere foedera.\n\n## Et sic referre velatus Hyantea discedet numina\n\nGlorior tibi Olympi Byblis, talis Phrygiaeque fatis sequantur armis suspirat stimulosque. Plura Venus prodidit, parentem agmine, Dianae caedis vertunt.\n\nMaturo scelus\nSi ille,  nati viro igne coniugis si dicere, ira tamen viderat Iuppiter. Subito vates quis requiris,  et iuvenes precor? Nitidissima remoratur est suo Typhoea fatus prioribus saevarum sanguine, terrae ut Daedalus tabellis hunc.\n\nIncipit ab nigra patet: et tamen effetum facerent oculos, , bene somnoque redituram, meruit. Clipei lucem apertas, praesentia Hodites, de meo melior."
        },
        "keywords": {
          "en-US": [
            "marketing",
            "price comparison"
          ]
        },
        "tags": {
          "en-US": [
            "price comparison"
          ]
        }
      }
    },
    {
      "sys": {
        "space": {
          "sys": {
            "type": "Link",
            "linkType": "Space",
            "id": "9mwtim8ci3gy"
          }
        },
        "id": "4OAr3WKiJaXwgF2xbZpQgl",
        "type": "Entry",
        "createdAt": "2020-12-12T22:52:51.045Z",
        "updatedAt": "2020-12-12T22:54:52.396Z",
        "environment": {
          "sys": {
            "id": "master",
            "type": "Link",
            "linkType": "Environment"
          }
        },
        "publishedVersion": 9,
        "publishedAt": "2020-12-12T22:54:52.396Z",
        "firstPublishedAt": "2020-12-12T22:54:52.396Z",
        "createdBy": {
          "sys": {
            "type": "Link",
            "linkType": "User",
            "id": "0GRqIckbonrTjZbkk1tQ4A"
          }
        },
        "updatedBy": {
          "sys": {
            "type": "Link",
            "linkType": "User",
            "id": "0GRqIckbonrTjZbkk1tQ4A"
          }
        },
        "publishedCounter": 1,
        "version": 10,
        "publishedBy": {
          "sys": {
            "type": "Link",
            "linkType": "User",
            "id": "0GRqIckbonrTjZbkk1tQ4A"
          }
        },
        "contentType": {
          "sys": {
            "type": "Link",
            "linkType": "ContentType",
            "id": "article"
          }
        }
      },
      "fields": {
        "title": {
          "en-US": "Third Sample Article for GatsbyJS Theme"
        },
        "slug": {
          "en-US": "third-sample-article-for-gatsbyjs-theme"
        },
        "date": {
          "en-US": "2020-04-06T16:00+04:30"
        },
        "author": {
          "en-US": {
            "sys": {
              "type": "Link",
              "linkType": "Entry",
              "id": "61W992c6tvaqZBkYt5nbAU"
            }
          }
        },
        "category": {
          "en-US": {
            "sys": {
              "type": "Link",
              "linkType": "Entry",
              "id": "4oqcIdrQquu1C6LPNVOtSo"
            }
          }
        },
        "heroImage": {
          "en-US": {
            "sys": {
              "type": "Link",
              "linkType": "Asset",
              "id": "RIZPWm70ZRt29Qr3tI55A"
            }
          }
        },
        "body": {
          "en-US": "## Me clausere Erigonen ego\n\nLorem markdownum sustineant oscula caespite ad gratia motus silvis Philomela.\nTremescere proles Nessus. Terga an saevis ductor mortua et Tyrrhena et verba\ngloria aequor. *Hoc* refert nunc ruit ictus adnuit nihil avidisque; tinnulaque\n[iamque](http://manu.net/muro-lesbon). Illi vana: abdidit praecipitatur\ninvenerit congrediturque exstanti, *ubi* rimas.\n\n> Pennatis tu fremebundus trahat adspicias terrae. Naribus his, crura\n> contribuere quam quam Sparten et **media succedere velamina** facio voces.\n\n## Solio quo ambitione moriens faterer nec altus\n\nManu [gemitumque](http://post-materno.org/) pictis, ubi mandat, vitium haec\ndextra late, est circumvolat, dant ius sub Phantasos. *Ortas non* ferunt dies\nsed [fugaeque nondum](http://haecphocaico.org/fulsit), pro umida, iaculantem\nnumen semel vertice, et.\n\n1. Parentem cum\n2. Cruciataque est signisque fastus esse enim tetigere\n3. Alvo pressa coniciunt Virbius destruitis clamore\n4. Rear cuncti votisque metusque\n5. Mihi atque ab tempore Ulixem Hyperborea habebant\n6. Est nam quisque Solis attulerat\n\n## Quaerit Oebalide quodcunque et odium aut vincere\n\nMea damnans metu in conveniens nullamque quam extentum. Nymphae imis. Ab huc\ndocto? Sua si aegra credi *fuerant*, quoque *Iovi apertas inane* iaculi, putet\nin procedit ipse Cytherea et.\n\nFissus ad facerem nivea; est **natamque** pius, taurum populorum membris,\nqualia. Sunt amore dare, duruerant miserere haesisse, teneat prope sentit in\nbella locuturum variarum haeret advena atque. Vivere pro vitium, nos adest Lami\naequore ruris.\n\n## Cognovi concita circumspicit\n\nAuctor similis et ab asello at animis neglectos auras vulnus illo timori. Per\nsenior in sucos liberat **conveniunt retentos uteri**, trahi requiescere! An\nEurus abiere, ego et potita hoc, citharam frondes habuisse.\n\n> Sic quoque iussit sed fecerat defuit novae de armata pariter male Lycormas\n> nurusque feroci versus opemque maiora ad cornua! Esses aequoris, terras esse,\n> ante sinus, in longi.\n\nPrece trepidantibus totos Claninque sis, gutture sub labor de adiuvet genetrix?\nSua ferunt pudore si nympharum, et famuli nervi; genitor et murmura incessit\npennisque rex!"
        },
        "keywords": {
          "en-US": [
            "sample article"
          ]
        },
        "tags": {
          "en-US": [
            "tutorial",
            "article"
          ]
        }
      }
    }
  ],
  "assets": [
    {
      "sys": {
        "space": {
          "sys": {
            "type": "Link",
            "linkType": "Space",
            "id": "9mwtim8ci3gy"
          }
        },
        "id": "1EZrb1qcvw8KXjl1NrynLV",
        "type": "Asset",
        "createdAt": "2020-03-15T21:34:01.899Z",
        "updatedAt": "2020-03-15T21:34:43.891Z",
        "environment": {
          "sys": {
            "id": "master",
            "type": "Link",
            "linkType": "Environment"
          }
        },
        "publishedVersion": 3,
        "publishedAt": "2020-03-15T21:34:43.891Z",
        "firstPublishedAt": "2020-03-15T21:34:43.891Z",
        "createdBy": {
          "sys": {
            "type": "Link",
            "linkType": "User",
            "id": "0GRqIckbonrTjZbkk1tQ4A"
          }
        },
        "updatedBy": {
          "sys": {
            "type": "Link",
            "linkType": "User",
            "id": "0GRqIckbonrTjZbkk1tQ4A"
          }
        },
        "publishedCounter": 1,
        "version": 4,
        "publishedBy": {
          "sys": {
            "type": "Link",
            "linkType": "User",
            "id": "0GRqIckbonrTjZbkk1tQ4A"
          }
        }
      },
      "fields": {
        "title": {
          "en-US": "john-doe"
        },
        "file": {
          "en-US": {
            "url": "//images.ctfassets.net/9mwtim8ci3gy/1EZrb1qcvw8KXjl1NrynLV/54e23ef7badb9f70138c9edf129ec54a/john-doe.png",
            "details": {
              "size": 346350,
              "image": {
                "width": 433,
                "height": 578
              }
            },
            "fileName": "john-doe.png",
            "contentType": "image/png"
          }
        }
      }
    },
    {
      "sys": {
        "space": {
          "sys": {
            "type": "Link",
            "linkType": "Space",
            "id": "9mwtim8ci3gy"
          }
        },
        "id": "54XsJEAFRAKKHg2Q8bsqL4",
        "type": "Asset",
        "createdAt": "2020-07-11T13:25:53.643Z",
        "updatedAt": "2020-07-11T13:26:33.742Z",
        "environment": {
          "sys": {
            "id": "master",
            "type": "Link",
            "linkType": "Environment"
          }
        },
        "publishedVersion": 3,
        "publishedAt": "2020-07-11T13:26:33.742Z",
        "firstPublishedAt": "2020-07-11T13:26:33.742Z",
        "createdBy": {
          "sys": {
            "type": "Link",
            "linkType": "User",
            "id": "0GRqIckbonrTjZbkk1tQ4A"
          }
        },
        "updatedBy": {
          "sys": {
            "type": "Link",
            "linkType": "User",
            "id": "0GRqIckbonrTjZbkk1tQ4A"
          }
        },
        "publishedCounter": 1,
        "version": 4,
        "publishedBy": {
          "sys": {
            "type": "Link",
            "linkType": "User",
            "id": "0GRqIckbonrTjZbkk1tQ4A"
          }
        }
      },
      "fields": {
        "title": {
          "en-US": "jane-smith"
        },
        "file": {
          "en-US": {
            "url": "//images.ctfassets.net/9mwtim8ci3gy/54XsJEAFRAKKHg2Q8bsqL4/d6dc9543b54a1518c7ebe71d9fe5baf1/jane-smith.png",
            "details": {
              "size": 237723,
              "image": {
                "width": 347,
                "height": 408
              }
            },
            "fileName": "jane-smith.png",
            "contentType": "image/png"
          }
        }
      }
    },
    {
      "sys": {
        "space": {
          "sys": {
            "type": "Link",
            "linkType": "Space",
            "id": "9mwtim8ci3gy"
          }
        },
        "id": "1kh1kFZRYWQB1hj6ki5O3W",
        "type": "Asset",
        "createdAt": "2020-12-12T22:38:43.474Z",
        "updatedAt": "2020-12-12T22:51:03.463Z",
        "environment": {
          "sys": {
            "id": "master",
            "type": "Link",
            "linkType": "Environment"
          }
        },
        "publishedVersion": 17,
        "publishedAt": "2020-12-12T22:51:03.463Z",
        "firstPublishedAt": "2020-12-12T22:40:18.767Z",
        "createdBy": {
          "sys": {
            "type": "Link",
            "linkType": "User",
            "id": "0GRqIckbonrTjZbkk1tQ4A"
          }
        },
        "updatedBy": {
          "sys": {
            "type": "Link",
            "linkType": "User",
            "id": "0GRqIckbonrTjZbkk1tQ4A"
          }
        },
        "publishedCounter": 2,
        "version": 18,
        "publishedBy": {
          "sys": {
            "type": "Link",
            "linkType": "User",
            "id": "0GRqIckbonrTjZbkk1tQ4A"
          }
        }
      },
      "fields": {
        "title": {
          "en-US": "dog"
        },
        "description": {
          "en-US": "https://fontawesome.com/icons/dog?style=solid\nhttps://fontawesome.com/license"
        },
        "file": {
          "en-US": {
            "url": "//images.ctfassets.net/9mwtim8ci3gy/1kh1kFZRYWQB1hj6ki5O3W/7b4885ceec9f52e0afe37356d4b21a9a/dog-solid.svg",
            "details": {
              "size": 632,
              "image": {
                "width": 576,
                "height": 512
              }
            },
            "fileName": "dog-solid.svg",
            "contentType": "image/svg+xml"
          }
        }
      }
    },
    {
      "sys": {
        "space": {
          "sys": {
            "type": "Link",
            "linkType": "Space",
            "id": "9mwtim8ci3gy"
          }
        },
        "id": "69cygFP4yHe5MF5Bkz1eXW",
        "type": "Asset",
        "createdAt": "2020-12-12T22:41:24.895Z",
        "updatedAt": "2020-12-12T22:46:36.549Z",
        "environment": {
          "sys": {
            "id": "master",
            "type": "Link",
            "linkType": "Environment"
          }
        },
        "publishedVersion": 6,
        "publishedAt": "2020-12-12T22:46:36.549Z",
        "firstPublishedAt": "2020-12-12T22:46:06.990Z",
        "createdBy": {
          "sys": {
            "type": "Link",
            "linkType": "User",
            "id": "0GRqIckbonrTjZbkk1tQ4A"
          }
        },
        "updatedBy": {
          "sys": {
            "type": "Link",
            "linkType": "User",
            "id": "0GRqIckbonrTjZbkk1tQ4A"
          }
        },
        "publishedCounter": 2,
        "version": 7,
        "publishedBy": {
          "sys": {
            "type": "Link",
            "linkType": "User",
            "id": "0GRqIckbonrTjZbkk1tQ4A"
          }
        }
      },
      "fields": {
        "title": {
          "en-US": "photo-1583511655857-d19b40a7a54e?ixid=MXwxMjA3fDB8MHxwaG90by1wYWdlfHx8fGVufDB8fHw%3D&ixlib=rb-1.2.1&auto=format&fit=crop&w=1949&q=80"
        },
        "description": {
          "en-US": "Karsten Winegeart\nhttps://unsplash.com/photos/5PVXkqt2s9k"
        },
        "file": {
          "en-US": {
            "url": "//images.ctfassets.net/9mwtim8ci3gy/69cygFP4yHe5MF5Bkz1eXW/7f7c9ca247029cf470cab199b43e2429/photo-1583511655857-d19b40a7a54e",
            "details": {
              "size": 221322,
              "image": {
                "width": 1949,
                "height": 1302
              }
            },
            "fileName": "photo-1583511655857-d19b40a7a54e?ixid=MXwxMjA3fDB8MHxwaG90by1wYWdlfHx8fGVufDB8fHw%3D&ixlib=rb-1.2.1&auto=format&fit=crop&w=1949&q=80",
            "contentType": "image/jpeg"
          }
        }
      }
    },
    {
      "sys": {
        "space": {
          "sys": {
            "type": "Link",
            "linkType": "Space",
            "id": "9mwtim8ci3gy"
          }
        },
        "id": "1re8cINKXhi5pdJPfD72M9",
        "type": "Asset",
        "createdAt": "2020-12-12T22:48:29.314Z",
        "updatedAt": "2020-12-12T22:48:53.792Z",
        "environment": {
          "sys": {
            "id": "master",
            "type": "Link",
            "linkType": "Environment"
          }
        },
        "publishedVersion": 5,
        "publishedAt": "2020-12-12T22:48:53.792Z",
        "firstPublishedAt": "2020-12-12T22:48:53.792Z",
        "createdBy": {
          "sys": {
            "type": "Link",
            "linkType": "User",
            "id": "0GRqIckbonrTjZbkk1tQ4A"
          }
        },
        "updatedBy": {
          "sys": {
            "type": "Link",
            "linkType": "User",
            "id": "0GRqIckbonrTjZbkk1tQ4A"
          }
        },
        "publishedCounter": 1,
        "version": 6,
        "publishedBy": {
          "sys": {
            "type": "Link",
            "linkType": "User",
            "id": "0GRqIckbonrTjZbkk1tQ4A"
          }
        }
      },
      "fields": {
        "title": {
          "en-US": "photo-1598134706627-d7ee8c927785?ixid=MXwxMjA3fDB8MHxwaG90by1wYWdlfHx8fGVufDB8fHw%3D&ixlib=rb-1.2.1&auto=format&fit=crop&w=1949&q=80"
        },
        "description": {
          "en-US": "Karsten Winegeart\nhttps://unsplash.com/photos/2EUJ2JxWJRU"
        },
        "file": {
          "en-US": {
            "url": "//images.ctfassets.net/9mwtim8ci3gy/1re8cINKXhi5pdJPfD72M9/c62f401de8c26c19404c542b8f87d584/photo-1598134706627-d7ee8c927785",
            "details": {
              "size": 192944,
              "image": {
                "width": 1949,
                "height": 1302
              }
            },
            "fileName": "photo-1598134706627-d7ee8c927785?ixid=MXwxMjA3fDB8MHxwaG90by1wYWdlfHx8fGVufDB8fHw%3D&ixlib=rb-1.2.1&auto=format&fit=crop&w=1949&q=80",
            "contentType": "image/jpeg"
          }
        }
      }
    },
    {
      "sys": {
        "space": {
          "sys": {
            "type": "Link",
            "linkType": "Space",
            "id": "9mwtim8ci3gy"
          }
        },
        "id": "RIZPWm70ZRt29Qr3tI55A",
        "type": "Asset",
        "createdAt": "2020-12-12T22:54:22.466Z",
        "updatedAt": "2020-12-12T22:54:43.216Z",
        "environment": {
          "sys": {
            "id": "master",
            "type": "Link",
            "linkType": "Environment"
          }
        },
        "publishedVersion": 5,
        "publishedAt": "2020-12-12T22:54:43.215Z",
        "firstPublishedAt": "2020-12-12T22:54:43.215Z",
        "createdBy": {
          "sys": {
            "type": "Link",
            "linkType": "User",
            "id": "0GRqIckbonrTjZbkk1tQ4A"
          }
        },
        "updatedBy": {
          "sys": {
            "type": "Link",
            "linkType": "User",
            "id": "0GRqIckbonrTjZbkk1tQ4A"
          }
        },
        "publishedCounter": 1,
        "version": 6,
        "publishedBy": {
          "sys": {
            "type": "Link",
            "linkType": "User",
            "id": "0GRqIckbonrTjZbkk1tQ4A"
          }
        }
      },
      "fields": {
        "title": {
          "en-US": "photo-1583512603784-a8e3ea8355b4?ixlib=rb-1.2.1&ixid=MXwxMjA3fDB8MHxwaG90by1wYWdlfHx8fGVufDB8fHw%3D&auto=format&fit=crop&w=1949&q=80"
        },
        "description": {
          "en-US": "Karsten Winegeart\nhttps://unsplash.com/photos/7vhqnO-sT88"
        },
        "file": {
          "en-US": {
            "url": "//images.ctfassets.net/9mwtim8ci3gy/RIZPWm70ZRt29Qr3tI55A/84909579c6bffc5846731b9d8bd87fb2/photo-1583512603784-a8e3ea8355b4",
            "details": {
              "size": 143102,
              "image": {
                "width": 1949,
                "height": 1302
              }
            },
            "fileName": "photo-1583512603784-a8e3ea8355b4?ixlib=rb-1.2.1&ixid=MXwxMjA3fDB8MHxwaG90by1wYWdlfHx8fGVufDB8fHw%3D&auto=format&fit=crop&w=1949&q=80",
            "contentType": "image/jpeg"
          }
        }
      }
    }
  ],
  "locales": [
    {
      "name": "English (United States)",
      "code": "en-US",
      "fallbackCode": null,
      "default": true,
      "contentManagementApi": true,
      "contentDeliveryApi": true,
      "optional": false,
      "sys": {
        "type": "Locale",
        "id": "1JCjajHUStFbhv71y6scn8",
        "version": 1,
        "space": {
          "sys": {
            "type": "Link",
            "linkType": "Space",
            "id": "9mwtim8ci3gy"
          }
        },
        "environment": {
          "sys": {
            "type": "Link",
            "linkType": "Environment",
            "id": "master"
          }
        },
        "createdBy": {
          "sys": {
            "type": "Link",
            "linkType": "User",
            "id": "0GRqIckbonrTjZbkk1tQ4A"
          }
        },
        "createdAt": "2020-03-13T14:52:45Z",
        "updatedBy": {
          "sys": {
            "type": "Link",
            "linkType": "User",
            "id": "0GRqIckbonrTjZbkk1tQ4A"
          }
        },
        "updatedAt": "2020-03-13T14:52:45Z"
      }
    }
  ]
}